requirement_id	module	method
FR-ACR-001	FR-ACR	API
FR-ACR-010	FR-ACR	API
FR-ACR-011	FR-ACR	API
FR-ACR-020	FR-ACR	API
FR-ADM-001	FR-ADM	API
FR-ADM-002	FR-ADM	API
FR-ADM-003	FR-ADM	API
FR-ADM-010	FR-ADM	API
FR-ADM-011	FR-ADM	API
FR-ADM-012	FR-ADM	API
FR-ADM-013	FR-ADM	API
FR-ADM-014	FR-ADM	API
FR-ADM-020	FR-ADM	API
FR-ADM-021	FR-ADM	API
FR-ADM-022	FR-ADM	API
FR-ADM-023	FR-ADM	API
FR-ADM-024	FR-ADM	API
FR-ADM-030	FR-ADM	API
FR-ADM-031	FR-ADM	API
FR-ADM-032	FR-ADM	API
FR-ADM-033	FR-ADM	API
FR-ADM-034	FR-ADM	API
FR-ADM-040	FR-ADM	API
FR-ADM-050	FR-ADM	API
FR-ANL-001	FR-ANL	API
FR-ANL-002	FR-ANL	API
FR-ANL-003	FR-ANL	API
FR-ANL-004	FR-ANL	API
FR-ANL-005	FR-ANL	API
FR-ANL-006	FR-ANL	API
FR-ANL-007	FR-ANL	API
FR-ANL-008	FR-ANL	API
FR-ANL-009	FR-ANL	API
FR-ANL-010	FR-ANL	API
FR-ANL-011	FR-ANL	API
FR-ANL-012	FR-ANL	API
FR-ANL-013	FR-ANL	API
FR-ANL-014	FR-ANL	API
FR-ANL-015	FR-ANL	API
FR-ANL-016	FR-ANL	API
FR-ANL-017	FR-ANL	API
FR-ANL-018	FR-ANL	API
FR-ANL-019	FR-ANL	API
FR-ANL-020	FR-ANL	API
FR-ANL-021	FR-ANL	API
FR-ANL-022	FR-ANL	API
FR-ANL-030	FR-ANL	API
FR-ANL-031	FR-ANL	API
FR-ANL-032	FR-ANL	API
FR-ANL-033	FR-ANL	API
FR-ATT-001	FR-ATT	API
FR-ATT-002	FR-ATT	API
FR-ATT-003	FR-ATT	API
FR-ATT-004	FR-ATT	API
FR-ATT-005	FR-ATT	API
FR-ATT-006	FR-ATT	API
FR-ATT-007	FR-ATT	API
FR-ATT-010	FR-ATT	API
FR-ATT-011	FR-ATT	API
FR-ATT-020	FR-ATT	API
FR-ATT-021	FR-ATT	API
FR-ATT-022	FR-ATT	API
FR-ATT-023	FR-ATT	API
FR-ATT-024	FR-ATT	API
FR-ATT-030	FR-ATT	API
FR-ATT-031	FR-ATT	API
FR-ATT-032	FR-ATT	API
FR-ATT-033	FR-ATT	API
FR-ATT-034	FR-ATT	API
FR-ATT-035	FR-ATT	API
FR-ATT-040	FR-ATT	API
FR-ATT-041	FR-ATT	API
FR-ATT-042	FR-ATT	API
FR-ATT-043	FR-ATT	API
FR-AUTH-001	FR-AUTH	API
FR-AUTH-002	FR-AUTH	API
FR-AUTH-003	FR-AUTH	API
FR-AUTH-004	FR-AUTH	API
FR-AUTH-005	FR-AUTH	API
FR-AUTH-006	FR-AUTH	API
FR-AUTH-007	FR-AUTH	API
FR-AUTH-010	FR-AUTH	API
FR-AUTH-011	FR-AUTH	API
FR-AUTH-012	FR-AUTH	API
FR-AUTH-013	FR-AUTH	API
FR-AUTH-014	FR-AUTH	API
FR-AUTH-015	FR-AUTH	API
FR-AUTH-020	FR-AUTH	API
FR-AUTH-021	FR-AUTH	API
FR-AUTH-022	FR-AUTH	API
FR-AUTH-023	FR-AUTH	API
FR-AUTH-024	FR-AUTH	API
FR-AUTH-030	FR-AUTH	API
FR-AUTH-031	FR-AUTH	API
FR-AUTH-032	FR-AUTH	API
FR-AUTH-040	FR-AUTH	API
FR-AUTH-041	FR-AUTH	API
FR-AUTH-042	FR-AUTH	API
FR-AUTH-043	FR-AUTH	API
FR-AUTH-050	FR-AUTH	API
FR-AUTH-051	FR-AUTH	API
FR-AUTH-052	FR-AUTH	API
FR-BILL-001	FR-BILL	API
FR-BILL-002	FR-BILL	API
FR-BILL-003	FR-BILL	API
FR-BILL-010	FR-BILL	API
FR-BILL-011	FR-BILL	API
FR-BILL-012	FR-BILL	API
FR-BILL-013	FR-BILL	API
FR-BILL-014	FR-BILL	API
FR-BILL-020	FR-BILL	API
FR-BILL-021	FR-BILL	API
FR-BILL-022	FR-BILL	API
FR-BILL-030	FR-BILL	API
FR-BILL-031	FR-BILL	API
FR-BILL-032	FR-BILL	API
FR-BILLX-001	FR-BILLX	API
FR-BILLX-002	FR-BILLX	API
FR-BILLX-003	FR-BILLX	API
FR-BILLX-004	FR-BILLX	API
FR-BILLX-005	FR-BILLX	API
FR-BILLX-006	FR-BILLX	API
FR-BILLX-007	FR-BILLX	API
FR-BILLX-010	FR-BILLX	API
FR-BILLX-011	FR-BILLX	API
FR-BILLX-012	FR-BILLX	API
FR-BILLX-013	FR-BILLX	API
FR-BILLX-020	FR-BILLX	API
FR-BILLX-021	FR-BILLX	API
FR-BILLX-022	FR-BILLX	API
FR-BILLX-023	FR-BILLX	API
FR-BILLX-024	FR-BILLX	API
FR-BILLX-030	FR-BILLX	API
FR-BILLX-031	FR-BILLX	API
FR-BILLX-032	FR-BILLX	API
FR-BILLX-033	FR-BILLX	API
FR-BILLX-040	FR-BILLX	API
FR-BILLX-041	FR-BILLX	API
FR-BILLX-042	FR-BILLX	API
FR-BILLX-043	FR-BILLX	API
FR-BILLX-044	FR-BILLX	API
FR-BILLX-050	FR-BILLX	API
FR-BILLX-051	FR-BILLX	API
FR-BRND-001	FR-BRND	DEVICE
FR-BRND-002	FR-BRND	DEVICE
FR-BRND-003	FR-BRND	DEVICE
FR-BRND-004	FR-BRND	DEVICE
FR-BRND-010	FR-BRND	DEVICE
FR-BRND-011	FR-BRND	DEVICE
FR-BRND-012	FR-BRND	DEVICE
FR-BRND-020	FR-BRND	DEVICE
FR-BRND-021	FR-BRND	DEVICE
FR-BRND-030	FR-BRND	DEVICE
FR-BRND-031	FR-BRND	DEVICE
FR-CONC-001	FR-CONC	PERF
FR-CONC-002	FR-CONC	PERF
FR-CONC-003	FR-CONC	PERF
FR-CONC-004	FR-CONC	PERF
FR-CONC-005	FR-CONC	PERF
FR-CONC-006	FR-CONC	PERF
FR-CONC-007	FR-CONC	PERF
FR-DEL-001	FR-DEL	API
FR-DEL-002	FR-DEL	API
FR-DEL-003	FR-DEL	API
FR-DEL-004	FR-DEL	API
FR-DEL-005	FR-DEL	API
FR-DEL-010	FR-DEL	API
FR-DEL-011	FR-DEL	API
FR-DEL-012	FR-DEL	API
FR-DEL-013	FR-DEL	API
FR-DEL-014	FR-DEL	API
FR-DEL-020	FR-DEL	API
FR-DEL-030	FR-DEL	API
FR-DEL-031	FR-DEL	API
FR-DISP-001	FR-DISP	DEVICE
FR-DISP-010	FR-DISP	DEVICE
FR-DLC-001	FR-DLC	API
FR-DLC-002	FR-DLC	API
FR-DLC-003	FR-DLC	API
FR-DLC-004	FR-DLC	API
FR-DLC-005	FR-DLC	API
FR-DLC-006	FR-DLC	API
FR-DLC-007	FR-DLC	API
FR-EGU-001	FR-EGU	API
FR-EGU-002	FR-EGU	API
FR-EGU-003	FR-EGU	API
FR-EGU-010	FR-EGU	API
FR-EGU-011	FR-EGU	API
FR-EGU-012	FR-EGU	API
FR-EGU-013	FR-EGU	API
FR-EGU-014	FR-EGU	API
FR-EGU-020	FR-EGU	API
FR-EGU-021	FR-EGU	API
FR-EGU-022	FR-EGU	API
FR-EGU-023	FR-EGU	API
FR-EGU-024	FR-EGU	API
FR-EVT-001	FR-EVT	API
FR-EVT-002	FR-EVT	API
FR-EVT-003	FR-EVT	API
FR-EVT-004	FR-EVT	API
FR-EVT-005	FR-EVT	API
FR-EVT-006	FR-EVT	API
FR-EVT-010	FR-EVT	API
FR-EVT-011	FR-EVT	API
FR-EVT-012	FR-EVT	API
FR-EVT-013	FR-EVT	API
FR-EVT-020	FR-EVT	API
FR-EVT-021	FR-EVT	API
FR-EVT-022	FR-EVT	API
FR-EVT-030	FR-EVT	API
FR-EVT-031	FR-EVT	API
FR-EVT-032	FR-EVT	API
FR-EVT-033	FR-EVT	API
FR-EVT-034	FR-EVT	API
FR-EVT-040	FR-EVT	API
FR-EVT-041	FR-EVT	API
FR-EVT-042	FR-EVT	API
FR-EVT-050	FR-EVT	API
FR-EVT-051	FR-EVT	API
FR-EVT-052	FR-EVT	API
FR-EVT-053	FR-EVT	API
FR-EVT-054	FR-EVT	API
FR-EVT-055	FR-EVT	API
FR-EVT-060	FR-EVT	API
FR-EVT-061	FR-EVT	API
FR-EVT-062	FR-EVT	API
FR-EVTX-001	FR-EVTX	API
FR-EVTX-002	FR-EVTX	API
FR-EVTX-003	FR-EVTX	API
FR-EVTX-004	FR-EVTX	API
FR-EVTX-005	FR-EVTX	API
FR-EVTX-010	FR-EVTX	API
FR-EVTX-011	FR-EVTX	API
FR-EVTX-012	FR-EVTX	API
FR-EVTX-013	FR-EVTX	API
FR-EVTX-020	FR-EVTX	API
FR-EVTX-021	FR-EVTX	API
FR-EVTX-022	FR-EVTX	API
FR-EVTX-023	FR-EVTX	API
FR-EVTX-024	FR-EVTX	API
FR-EVTX-025	FR-EVTX	API
FR-EVTX-030	FR-EVTX	API
FR-EVTX-031	FR-EVTX	API
FR-EVTX-032	FR-EVTX	API
FR-EVTX-040	FR-EVTX	API
FR-EVTX-041	FR-EVTX	API
FR-EXP-001	FR-EXP	API
FR-EXP-002	FR-EXP	API
FR-EXP-003	FR-EXP	API
FR-EXP-004	FR-EXP	API
FR-EXP-010	FR-EXP	API
FR-EXP-011	FR-EXP	API
FR-EXP-012	FR-EXP	API
FR-EXP-013	FR-EXP	API
FR-EXP-014	FR-EXP	API
FR-EXP-020	FR-EXP	API
FR-EXP-021	FR-EXP	API
FR-EXP-022	FR-EXP	API
FR-EXP-023	FR-EXP	API
FR-EXP-030	FR-EXP	API
FR-EXP-031	FR-EXP	API
FR-EXP-032	FR-EXP	API
FR-EXP-040	FR-EXP	API
FR-EXP-041	FR-EXP	API
FR-EXP-042	FR-EXP	API
FR-EXP-043	FR-EXP	API
FR-EXP-044	FR-EXP	API
FR-FAIR-001	FR-FAIR	API
FR-FAIR-002	FR-FAIR	API
FR-FAIR-010	FR-FAIR	API
FR-GRP-001	FR-GRP	API
FR-GRP-002	FR-GRP	API
FR-GRP-003	FR-GRP	API
FR-GRP-010	FR-GRP	API
FR-GRP-011	FR-GRP	API
FR-GRP-012	FR-GRP	API
FR-GRP-013	FR-GRP	API
FR-GRP-014	FR-GRP	API
FR-GRP-015	FR-GRP	API
FR-GRP-020	FR-GRP	API
FR-GRP-021	FR-GRP	API
FR-GRP-022	FR-GRP	API
FR-GRP-023	FR-GRP	API
FR-GRP-030	FR-GRP	API
FR-GRP-031	FR-GRP	API
FR-GRP-032	FR-GRP	API
FR-GRP-040	FR-GRP	API
FR-GRP-041	FR-GRP	API
FR-GRP-042	FR-GRP	API
FR-GRP-043	FR-GRP	API
FR-GRP-044	FR-GRP	API
FR-GRP-045	FR-GRP	API
FR-GRP-046	FR-GRP	API
FR-GRP-047	FR-GRP	API
FR-HG-001	FR-HG	API
FR-HG-002	FR-HG	API
FR-HG-003	FR-HG	API
FR-HG-004	FR-HG	API
FR-HG-010	FR-HG	API
FR-HG-011	FR-HG	API
FR-HG-012	FR-HG	API
FR-HG-013	FR-HG	API
FR-HG-014	FR-HG	API
FR-HG-020	FR-HG	API
FR-HG-021	FR-HG	API
FR-HG-022	FR-HG	API
FR-HG-023	FR-HG	API
FR-HG-030	FR-HG	API
FR-HG-031	FR-HG	API
FR-HG-032	FR-HG	API
FR-HG-033	FR-HG	API
FR-HG-034	FR-HG	API
FR-HG-035	FR-HG	API
FR-HG-040	FR-HG	API
FR-HG-041	FR-HG	API
FR-HG-042	FR-HG	API
FR-HG-043	FR-HG	API
FR-HG-044	FR-HG	API
FR-HG-050	FR-HG	API
FR-HG-051	FR-HG	API
FR-HG-052	FR-HG	API
FR-HG-053	FR-HG	API
FR-HG-054	FR-HG	API
FR-HG-060	FR-HG	API
FR-HG-061	FR-HG	API
FR-HG-062	FR-HG	API
FR-HG-063	FR-HG	API
FR-HG-064	FR-HG	API
FR-HG-070	FR-HG	API
FR-HG-071	FR-HG	API
FR-HG-072	FR-HG	API
FR-HG-073	FR-HG	API
FR-HG-074	FR-HG	API
FR-HG-075	FR-HG	API
FR-HG-076	FR-HG	API
FR-HG-080	FR-HG	API
FR-HG-081	FR-HG	API
FR-HG-082	FR-HG	API
FR-IMG-001	FR-IMG	DEVICE
FR-IMG-002	FR-IMG	DEVICE
FR-IMG-003	FR-IMG	DEVICE
FR-IMG-004	FR-IMG	DEVICE
FR-IMG-005	FR-IMG	DEVICE
FR-IMG-010	FR-IMG	DEVICE
FR-IMG-011	FR-IMG	DEVICE
FR-IMG-012	FR-IMG	DEVICE
FR-IMG-020	FR-IMG	DEVICE
FR-IMG-021	FR-IMG	DEVICE
FR-IMG-022	FR-IMG	DEVICE
FR-IMG-023	FR-IMG	DEVICE
FR-JOIN-001	FR-JOIN	API
FR-JOIN-002	FR-JOIN	API
FR-JOIN-003	FR-JOIN	API
FR-JOIN-004	FR-JOIN	API
FR-JOIN-005	FR-JOIN	API
FR-JOIN-010	FR-JOIN	API
FR-JOIN-011	FR-JOIN	API
FR-JOIN-012	FR-JOIN	API
FR-JOIN-013	FR-JOIN	API
FR-JOIN-014	FR-JOIN	API
FR-JOIN-015	FR-JOIN	API
FR-JOIN-020	FR-JOIN	API
FR-JOIN-021	FR-JOIN	API
FR-JOIN-030	FR-JOIN	API
FR-LIM-001	FR-LIM	PERF
FR-LIM-002	FR-LIM	PERF
FR-LIM-003	FR-LIM	PERF
FR-LIM-004	FR-LIM	PERF
FR-LIM-005	FR-LIM	PERF
FR-LIM-010	FR-LIM	PERF
FR-LIM-011	FR-LIM	PERF
FR-LIM-012	FR-LIM	PERF
FR-LIM-020	FR-LIM	PERF
FR-LIM-021	FR-LIM	PERF
FR-LIM-022	FR-LIM	PERF
FR-LIM-030	FR-LIM	PERF
FR-LIM-031	FR-LIM	PERF
FR-LIM-032	FR-LIM	PERF
FR-LIM-040	FR-LIM	PERF
FR-LIM-041	FR-LIM	PERF
FR-LIM-050	FR-LIM	PERF
FR-MEAL-001	FR-MEAL	API
FR-MEAL-002	FR-MEAL	API
FR-MEAL-003	FR-MEAL	API
FR-MEAL-004	FR-MEAL	API
FR-MEAL-005	FR-MEAL	API
FR-MEAL-006	FR-MEAL	API
FR-MEAL-007	FR-MEAL	API
FR-MEAL-008	FR-MEAL	API
FR-MEAL-010	FR-MEAL	API
FR-MEAL-011	FR-MEAL	API
FR-MEAL-012	FR-MEAL	API
FR-MEAL-013	FR-MEAL	API
FR-MEAL-014	FR-MEAL	API
FR-MEAL-020	FR-MEAL	API
FR-MEAL-021	FR-MEAL	API
FR-MEAL-022	FR-MEAL	API
FR-MEAL-023	FR-MEAL	API
FR-MEAL-024	FR-MEAL	API
FR-MEAL-025	FR-MEAL	API
FR-MEAL-026	FR-MEAL	API
FR-MEAL-027	FR-MEAL	API
FR-MEAL-028	FR-MEAL	API
FR-MEAL-030	FR-MEAL	API
FR-MEAL-031	FR-MEAL	API
FR-MEAL-032	FR-MEAL	API
FR-MEAL-033	FR-MEAL	API
FR-MEAL-034	FR-MEAL	API
FR-MEAL-035	FR-MEAL	API
FR-MEAL-036	FR-MEAL	API
FR-MEAL-037	FR-MEAL	API
FR-MEAL-040	FR-MEAL	API
FR-MEAL-050	FR-MEAL	API
FR-MEAL-051	FR-MEAL	API
FR-MEAL-052	FR-MEAL	API
FR-MEAL-053	FR-MEAL	API
FR-MEMX-001	FR-MEMX	PERF
FR-MEMX-002	FR-MEMX	PERF
FR-MEMX-003	FR-MEMX	PERF
FR-MEMX-004	FR-MEMX	PERF
FR-MEMX-005	FR-MEMX	PERF
FR-MEMX-006	FR-MEMX	PERF
FR-MEMX-007	FR-MEMX	PERF
FR-MEMX-008	FR-MEMX	PERF
FR-MEMX-009	FR-MEMX	PERF
FR-MODE-001	FR-MODE	API
FR-MODE-002	FR-MODE	API
FR-MODE-003	FR-MODE	API
FR-MODE-004	FR-MODE	API
FR-MODE-005	FR-MODE	API
FR-MODE-010	FR-MODE	API
FR-MODE-011	FR-MODE	API
FR-MODE-012	FR-MODE	API
FR-MODE-013	FR-MODE	API
FR-MODE-020	FR-MODE	API
FR-MODE-021	FR-MODE	API
FR-MODE-022	FR-MODE	API
FR-MODE-023	FR-MODE	API
FR-MODE-024	FR-MODE	API
FR-MODE-030	FR-MODE	API
FR-MODE-031	FR-MODE	API
FR-MODE-032	FR-MODE	API
FR-MODE-033	FR-MODE	API
FR-MODE-040	FR-MODE	API
FR-MODE-041	FR-MODE	API
FR-MODE-042	FR-MODE	API
FR-MODE-043	FR-MODE	API
FR-MODE-050	FR-MODE	API
FR-MODE-051	FR-MODE	API
FR-MODE-052	FR-MODE	API
FR-MODE-060	FR-MODE	API
FR-MODE-061	FR-MODE	API
FR-MODE-062	FR-MODE	API
FR-MODE-063	FR-MODE	API
FR-MODE-064	FR-MODE	API
FR-NAME-001	FR-NAME	DEVICE
FR-NAV-001	FR-NAV	DEVICE
FR-NAV-002	FR-NAV	DEVICE
FR-NAV-010	FR-NAV	DEVICE
FR-NAV-011	FR-NAV	DEVICE
FR-NAV-012	FR-NAV	DEVICE
FR-NAV-013	FR-NAV	DEVICE
FR-NAV-014	FR-NAV	DEVICE
FR-NAV-015	FR-NAV	DEVICE
FR-NAV-020	FR-NAV	DEVICE
FR-NAV-021	FR-NAV	DEVICE
FR-NOT-001	FR-NOT	API
FR-NOT-002	FR-NOT	API
FR-NOT-003	FR-NOT	API
FR-NOT-010	FR-NOT	API
FR-NOT-011	FR-NOT	API
FR-NOT-012	FR-NOT	API
FR-NOT-013	FR-NOT	API
FR-NOT-020	FR-NOT	API
FR-NOT-021	FR-NOT	API
FR-NOT-022	FR-NOT	API
FR-NOT-023	FR-NOT	API
FR-NOTX-001	FR-NOTX	API
FR-NOTX-002	FR-NOTX	API
FR-NOTX-003	FR-NOTX	API
FR-NOTX-004	FR-NOTX	API
FR-NOTX-005	FR-NOTX	API
FR-NOTX-006	FR-NOTX	API
FR-NOTX-010	FR-NOTX	API
FR-NOTX-011	FR-NOTX	API
FR-NOTX-012	FR-NOTX	API
FR-NOTX-013	FR-NOTX	API
FR-NOTX-014	FR-NOTX	API
FR-NOTX-015	FR-NOTX	API
FR-NOTX-016	FR-NOTX	API
FR-NOTX-017	FR-NOTX	API
FR-NOTX-018	FR-NOTX	API
FR-OFF-001	FR-OFF	DEVICE
FR-OFF-002	FR-OFF	DEVICE
FR-OFF-003	FR-OFF	DEVICE
FR-OFF-004	FR-OFF	DEVICE
FR-OFF-005	FR-OFF	DEVICE
FR-OFF-006	FR-OFF	DEVICE
FR-OFF-007	FR-OFF	DEVICE
FR-OFF-010	FR-OFF	DEVICE
FR-OFF-011	FR-OFF	DEVICE
FR-OFF-012	FR-OFF	DEVICE
FR-OVR-001	FR-OVR	API
FR-OVR-020	FR-OVR	API
FR-PG-001	FR-PG	API
FR-PG-010	FR-PG	API
FR-PG-011	FR-PG	API
FR-PG-012	FR-PG	API
FR-PG-013	FR-PG	API
FR-PG-020	FR-PG	API
FR-PG-021	FR-PG	API
FR-PG-022	FR-PG	API
FR-PG-030	FR-PG	API
FR-PG-031	FR-PG	API
FR-PG-032	FR-PG	API
FR-PG-040	FR-PG	API
FR-PG-041	FR-PG	API
FR-PG-050	FR-PG	API
FR-PG-051	FR-PG	API
FR-PG-052	FR-PG	API
FR-PG-060	FR-PG	API
FR-PG-061	FR-PG	API
FR-PG-070	FR-PG	API
FR-PG-071	FR-PG	API
FR-PG-072	FR-PG	API
FR-PG-073	FR-PG	API
FR-PG-080	FR-PG	API
FR-PG-081	FR-PG	API
FR-PG-090	FR-PG	API
FR-PG-100	FR-PG	API
FR-PREFX-001	FR-PREFX	API
FR-PREFX-002	FR-PREFX	API
FR-PREFX-003	FR-PREFX	API
FR-PREFX-004	FR-PREFX	API
FR-PREFX-005	FR-PREFX	API
FR-PREFX-006	FR-PREFX	API
FR-PREFX-007	FR-PREFX	API
FR-PREFX-008	FR-PREFX	API
FR-PRF-001	FR-PRF	API
FR-PRF-002	FR-PRF	API
FR-PRF-003	FR-PRF	API
FR-PRF-010	FR-PRF	API
FR-PRF-011	FR-PRF	API
FR-PRF-012	FR-PRF	API
FR-PRF-013	FR-PRF	API
FR-PRF-020	FR-PRF	API
FR-PRF-021	FR-PRF	API
FR-PRF-022	FR-PRF	API
FR-PRF-030	FR-PRF	API
FR-PRF-031	FR-PRF	API
FR-PRF-032	FR-PRF	API
FR-PRIV-001	FR-PRIV	SECURITY
FR-PRIV-002	FR-PRIV	SECURITY
FR-PRIV-003	FR-PRIV	SECURITY
FR-PRIV-004	FR-PRIV	SECURITY
FR-PRIV-005	FR-PRIV	SECURITY
FR-PRIV-006	FR-PRIV	SECURITY
FR-SCHX-001	FR-SCHX	API
FR-SCHX-002	FR-SCHX	API
FR-SCHX-003	FR-SCHX	API
FR-SCHX-004	FR-SCHX	API
FR-SCHX-005	FR-SCHX	API
FR-SCHX-006	FR-SCHX	API
FR-SCHX-007	FR-SCHX	API
FR-SCHX-008	FR-SCHX	API
FR-SCHX-009	FR-SCHX	API
FR-SECX-001	FR-SECX	SECURITY
FR-SECX-002	FR-SECX	SECURITY
FR-SECX-003	FR-SECX	SECURITY
FR-SECX-004	FR-SECX	SECURITY
FR-SECX-010	FR-SECX	SECURITY
FR-SECX-011	FR-SECX	SECURITY
FR-SECX-012	FR-SECX	SECURITY
FR-SECX-013	FR-SECX	SECURITY
FR-SECX-014	FR-SECX	SECURITY
FR-SECX-015	FR-SECX	SECURITY
FR-SECX-016	FR-SECX	SECURITY
FR-SECX-017	FR-SECX	SECURITY
FR-SECX-020	FR-SECX	SECURITY
FR-SET-001	FR-SET	API
FR-SET-002	FR-SET	API
FR-SET-003	FR-SET	API
FR-SET-004	FR-SET	API
FR-SET-005	FR-SET	API
FR-SET-006	FR-SET	API
FR-SET-010	FR-SET	API
FR-SET-011	FR-SET	API
FR-SET-012	FR-SET	API
FR-SET-013	FR-SET	API
FR-SET-020	FR-SET	API
FR-SET-021	FR-SET	API
FR-SET-022	FR-SET	API
FR-SET-030	FR-SET	API
FR-SET-040	FR-SET	API
FR-SET-041	FR-SET	API
FR-SORT-001	FR-SORT	API
FR-STATE-001	FR-STATE	DEVICE
FR-STATE-002	FR-STATE	DEVICE
FR-STATE-003	FR-STATE	DEVICE
FR-STATE-004	FR-STATE	DEVICE
FR-STATE-010	FR-STATE	DEVICE
FR-STATE-011	FR-STATE	DEVICE
FR-STATE-012	FR-STATE	DEVICE
FR-STATE-013	FR-STATE	DEVICE
FR-STATE-014	FR-STATE	DEVICE
FR-TIME-001	FR-TIME	PERF
FR-TIME-002	FR-TIME	PERF
FR-TIME-003	FR-TIME	PERF
FR-TIME-004	FR-TIME	PERF
FR-TIME-005	FR-TIME	PERF
FR-TIME-006	FR-TIME	PERF
FR-TIME-007	FR-TIME	PERF
FR-TIME-008	FR-TIME	PERF
FR-TIME-010	FR-TIME	PERF
FR-TIME-011	FR-TIME	PERF
FR-TIME-012	FR-TIME	PERF
FR-TIME-020	FR-TIME	PERF
FR-TIME-021	FR-TIME	PERF
FR-TIME-022	FR-TIME	PERF
FR-TIME-023	FR-TIME	PERF
FR-TRUST-001	FR-TRUST	API
FR-TRUST-002	FR-TRUST	API
FR-TRUST-003	FR-TRUST	API
FR-TRUST-004	FR-TRUST	API
FR-TRUST-010	FR-TRUST	API
FR-TRUST-011	FR-TRUST	API
FR-UI-001	FR-UI	DEVICE
FR-UI-002	FR-UI	DEVICE
FR-UI-003	FR-UI	DEVICE
FR-UI-004	FR-UI	DEVICE
FR-UI-010	FR-UI	DEVICE
FR-UI-011	FR-UI	DEVICE
FR-UI-012	FR-UI	DEVICE
FR-UI-013	FR-UI	DEVICE
FR-UI-020	FR-UI	DEVICE
FR-UI-021	FR-UI	DEVICE
FR-UI-022	FR-UI	DEVICE
FR-UI-023	FR-UI	DEVICE
FR-UI-024	FR-UI	DEVICE
FR-UI-030	FR-UI	DEVICE
FR-UI-031	FR-UI	DEVICE
FR-UI-032	FR-UI	DEVICE
FR-VAC-001	FR-VAC	API
FR-VAC-002	FR-VAC	API
FR-VAC-003	FR-VAC	API
FR-VAC-004	FR-VAC	API
FR-VAC-005	FR-VAC	API
FR-VAC-010	FR-VAC	API
FR-VAC-011	FR-VAC	API
FR-VAC-012	FR-VAC	API
FR-VAC-013	FR-VAC	API
FR-VAC-014	FR-VAC	API
FR-VAC-020	FR-VAC	API
FR-VAC-021	FR-VAC	API
FR-VAC-022	FR-VAC	API
FR-VACX-001	FR-VACX	API
FR-VACX-002	FR-VACX	API
FR-VACX-003	FR-VACX	API
FR-VACX-004	FR-VACX	API
FR-VACX-005	FR-VACX	API
FR-VACX-006	FR-VACX	API
FR-VACX-007	FR-VACX	API
FR-VACX-008	FR-VACX	API
FR-VACX-009	FR-VACX	API
